model,AUC,Accuracy
RF,0.9974261636809546,0.9637561779242174
MLP,0.9971295665614166,0.9645799011532126
